{
  "title":"Canvas (basic support)",
  "description":"Method of generating fast, dynamic graphics using JavaScript",
  "spec":"http://www.w3.org/TR/html5/embedded-content-0.html#the-canvas-element",
  "status":"cr",
  "links":[
    {
      "url":"http://explorercanvas.googlecode.com/",
      "title":"Implementation for Internet Explorer"
    },
    {
      "url":"http://www.diveinto.org/html5/canvas.html",
      "title":"Another tutorial"
    },
    {
      "url":"http://glimr.rubyforge.org/cake/canvas.html",
      "title":"Animation kit "
    },
    {
      "url":"http://www.canvasdemos.com/",
      "title":"Showcase site"
    },
    {
      "url":"https://raw.github.com/phiggins42/has.js/master/detect/graphics.js#canvas",
      "title":"has.js test"
    },
    {
      "url":"https://developer.mozilla.org/en/Canvas_tutorial",
      "title":"Tutorial by Mozilla"
    }
  ],
  "bugs":[
    {
      "description":"The Android browser does not support clipping on HTML5 canvas. See the bug filed here: http://code.google.com/p/android/issues/detail?id=21099"
    }
  ],
  "categories":[
    "HTML5",
    "Canvas"
  ],
  "stats":{
    "ie":{
      "5.5":"n",
      "6":"p",
      "7":"p",
      "8":"p",
      "9":"y",
      "10":"y",
      "11":"y"
    },
    "firefox":{
      "2":"y",
      "3":"y",
      "3.5":"y",
      "3.6":"y",
      "4":"y",
      "5":"y",
      "6":"y",
      "7":"y",
      "8":"y",
      "9":"y",
      "10":"y",
      "11":"y",
      "12":"y",
      "13":"y",
      "14":"y",
      "15":"y",
      "16":"y",
      "17":"y",
      "18":"y",
      "19":"y",
      "20":"y",
      "21":"y",
      "22":"y",
      "23":"y",
      "24":"y",
      "25":"y",
      "26":"y",
      "27":"y",
      "28":"y",
      "29":"y"
    },
    "chrome":{
      "4":"y",
      "5":"y",
      "6":"y",
      "7":"y",
      "8":"y",
      "9":"y",
      "10":"y",
      "11":"y",
      "12":"y",
      "13":"y",
      "14":"y",
      "15":"y",
      "16":"y",
      "17":"y",
      "18":"y",
      "19":"y",
      "20":"y",
      "21":"y",
      "22":"y",
      "23":"y",
      "24":"y",
      "25":"y",
      "26":"y",
      "27":"y",
      "28":"y",
      "29":"y",
      "30":"y",
      "31":"y",
      "32":"y",
      "33":"y",
      "34":"y",
      "35":"y"
    },
    "safari":{
      "3.1":"y",
      "3.2":"y",
      "4":"y",
      "5":"y",
      "5.1":"y",
      "6":"y",
      "6.1":"y",
      "7":"y"
    },
    "opera":{
      "9":"y",
      "9.5-9.6":"y",
      "10.0-10.1":"y",
      "10.5":"y",
      "10.6":"y",
      "11":"y",
      "11.1":"y",
      "11.5":"y",
      "11.6":"y",
      "12":"y",
      "12.1":"y",
      "15":"y",
      "16":"y",
      "17":"y",
      "18":"y",
      "19":"y",
      "20":"y",
      "21":"y"
    },
    "ios_saf":{
      "3.2":"y",
      "4.0-4.1":"y",
      "4.2-4.3":"y",
      "5.0-5.1":"y",
      "6.0-6.1":"y",
      "7.0":"y"
    },
    "op_mini":{
      "5.0-7.0":"a"
    },
    "android":{
      "2.1":"a",
      "2.2":"a",
      "2.3":"a",
      "3":"y",
      "4":"y",
      "4.1":"y",
      "4.2-4.3":"y",
      "4.4":"y"
    },
    "bb":{
      "7":"y",
      "10":"y"
    },
    "op_mob":{
      "10":"y",
      "11":"y",
      "11.1":"y",
      "11.5":"y",
      "12":"y",
      "12.1":"y",
      "0":"y"
    },
    "and_chr":{
      "0":"y"
    },
    "and_ff":{
      "0":"y"
    },
    "ie_mob":{
      "10":"y"
    }
  },
  "notes":"Opera Mini supports the canvas element, but is unable to play animations or run other more complex applications. Android 2.x supports canvas except the toDataURL() function. See http://code.google.com/p/android/issues/detail?id=7901 Some (slow) workarounds are described here: http://stackoverflow.com/q/10488033/841830",
  "usage_perc_y":81.36,
  "usage_perc_a":4.81,
  "ucprefix":false,
  "parent":"",
  "keywords":"",
  "shown":true
}