[
{"title":"Action Comics 1 9.0 (2014)","price":3207852},
{"title":"Action Comics 1 9.0 (2011)","price":2161000},
{"title":"Action Comics 1 8.5 (2018)","price":2052000},
{"title":"Action Comics 1 8.5 (2010)","price":1500000},
{"title":"Amazing Fantasy 15 9.6 (2011)","price":1100000},
{"title":"Detective Comics 27 8.0 (2010)","price":1075000},
{"title":"Action Comics 1 Kansas City 8.0 (2010)","price":1000000},
{"title":"Action Comics 1 5.5 (2016)","price":956000},
{"title":"All Star Comics 8 9.4 (2017)","price":936223},
{"title":"Action Comics 1 5.0 (2018)","price":815000}
]